{"Mean-Max Reward": 0.0, "_timestamp": 1701757977.7523677, "_runtime": 22.404752731323242, "_step": 3000}