{"Mean-Max Reward": 0.32276207208633423, "_timestamp": 1701759362.922792, "_runtime": 689.403135061264, "_step": 108000, "Team 1 Mean-Max Reward (Benchmark)": 0.3282972276210785, "Team 2 Mean-Max Reward (Benchmark)": 0.32049283385276794}