{"Mean-Max Reward": 0.23036248981952667, "_timestamp": 1701730128.1406336, "_runtime": 204.10249257087708, "_step": 24000, "Agent 0 Variance": 0.6582640825999378, "Agent 0 Policy_Loss": -0.0414641946748452, "Agent 1 Variance": 0.5128024793394269, "Agent 1 Policy_Loss": -0.04106744731921935}