{"Episode": 3, "Mean-Max Reward": 0.44573330879211426, "_timestamp": 1701726666.5462132, "_runtime": 49.92564010620117, "_step": 2}