{"Agent 0 Variance": 1.0827987874954712, "Agent 0 Policy_Loss": -0.06170187709308753, "_timestamp": 1702024118.3918557, "Agent 1 Variance": 1.1182911984581665, "Agent 1 Policy_Loss": -0.10721832118378863, "Mean-Max Reward": 0.18479999899864197, "_runtime": 207.95415472984314, "_step": 24000, "Team 1 Mean-Max Reward (Benchmark)": 0.17535001039505005, "Team 2 Mean-Max Reward (Benchmark)": 0.09439999610185623}