{"Mean-Max Reward": 0.08882399648427963, "_timestamp": 1701752350.1777275, "_runtime": 1610.0668623447418, "_step": 300000}