{"Agent 0 Variance": 1.9111413362779156e-05, "Agent 0 Policy_Loss": -0.041291259050728946, "_timestamp": 1702113480.1029646, "Agent 1 Variance": 6.435549703506495e-06, "Agent 1 Policy_Loss": -0.04179236998072376, "_runtime": 89303.66851758957, "_step": 13798500, "Mean-Max Reward": 0.18136601150035858, "Team 1 Mean-Max Reward (Benchmark)": 0.29167401790618896, "Team 2 Mean-Max Reward (Benchmark)": 0.29510000348091125}