{"Mean-Max Reward": 0.3219040036201477, "_timestamp": 1701829374.095801, "_runtime": 68913.26171803474, "_step": 10948500, "Team 1 Mean-Max Reward (Benchmark)": 0.40380799770355225, "Team 2 Mean-Max Reward (Benchmark)": 0.3922180235385895}