{"Mean-Max Reward": 0.536549985408783, "_timestamp": 1701727104.633764, "_runtime": 55.202194929122925, "_step": 4}