{"Mean-Max Reward": 0.1446666568517685, "_timestamp": 1701759652.89352, "_runtime": 68.43737721443176, "_step": 10500, "Team 1 Mean-Max Reward (Benchmark)": 0.06199999898672104}