{"Mean-Max Reward": 0.21230000257492065, "_timestamp": 1701729665.5782728, "_runtime": 64.70533776283264, "_step": 6000, "Agent 0 Variance": 0.8140020475073731, "Agent 0 Policy_Loss": -0.026236823086510413, "Agent 1 Variance": 0.7173437737628937, "Agent 1 Policy_Loss": -0.025168382009724155}