{"Mean-Max Reward": 0.2077999860048294, "_timestamp": 1701758284.873482, "_runtime": 28.392157077789307, "_step": 4500}