{"Mean-Max Reward": 0.2314000129699707, "_timestamp": 1701728741.782301, "_runtime": 37.918335914611816, "_step": 3}