{"Mean-Max Reward": 0.25699999928474426, "_timestamp": 1701729102.0165062, "_runtime": 35.8064022064209, "_step": 3}