{"Team Utility (per episode)": 1, "_timestamp": 1701853162.822286, "_runtime": 994.8384637832642, "_step": 98}