{"Mean-Max Reward": 0.15933333337306976, "_timestamp": 1701726901.7880337, "_runtime": 40.3111937046051, "_step": 3}