{"Mean-Max Reward": 0.0, "_timestamp": 1701759857.1621773, "_runtime": 67.02167820930481, "_step": 10500, "Team 1 Mean-Max Reward (Benchmark)": 0.11505714803934097}