{"Mean-Max Reward": 0.46639999747276306, "_timestamp": 1701757674.5599494, "_runtime": 18.601247310638428, "_step": 3000}