{"Team Utility (per episode)": 0, "_timestamp": 1701854762.0616379, "_runtime": 996.763130903244, "_step": 98}